{
    "time": {
        "ntime": 55,
        "tstep": 600.0
    },
    "data": {
        "atm_U": [
            3.232344150543213,
            3.0771753787994385,
            3.0979764461517334,
            2.868429660797119,
            2.627694845199585,
            2.733224630355835,
            2.7499990463256836,
            2.642730951309204,
            2.7221639156341553,
            2.7949416637420654,
            2.9442639350891113,
            2.7277021408081055,
            2.8716351985931396,
            3.0298514366149902,
            3.66324782371521,
            3.7493836879730225,
            3.4705002307891846,
            3.635784864425659,
            3.9671027660369873,
            3.9700136184692383,
            3.5780932903289795,
            3.763597011566162,
            3.5793142318725586,
            3.7755048274993896,
            3.4875426292419434,
            3.3991618156433105,
            3.4208478927612305,
            3.441213846206665,
            3.514601707458496,
            3.7524197101593018,
            3.8225576877593994,
            3.650885581970215,
            3.4260685443878174,
            3.5651533603668213,
            2.9918882846832275,
            3.3947298526763916,
            3.1460654735565186,
            3.061262845993042,
            3.3730735778808594,
            3.578254222869873,
            3.7022855281829834,
            3.53493332862854,
            3.331406831741333,
            3.04396390914917,
            3.041677713394165,
            2.9143288135528564,
            2.6557860374450684,
            2.839838743209839,
            2.7364988327026367,
            2.7574732303619385,
            2.89570951461792,
            2.339552402496338,
            2.7184064388275146,
            2.2795541286468506,
            2.2995340824127197
        ],
        "atm_T": [
            293.75,
            293.4499816894531,
            293.3500061035156,
            293.1499938964844,
            293.04998779296875,
            292.75,
            292.6499938964844,
            292.54998779296875,
            292.3500061035156,
            292.3500061035156,
            292.1499938964844,
            291.8500061035156,
            291.75,
            291.54998779296875,
            291.54998779296875,
            291.54998779296875,
            291.3500061035156,
            291.1499938964844,
            291.1499938964844,
            291.1499938964844,
            291.04998779296875,
            291.04998779296875,
            290.9499816894531,
            290.8500061035156,
            290.9499816894531,
            291.04998779296875,
            291.25,
            291.4499816894531,
            291.6499938964844,
            291.9499816894531,
            292.25,
            292.54998779296875,
            292.75,
            293.1499938964844,
            293.54998779296875,
            293.8500061035156,
            294.04998779296875,
            294.3500061035156,
            294.6499938964844,
            294.8500061035156,
            295.1499938964844,
            295.4499816894531,
            295.8500061035156,
            296.1499938964844,
            296.4499816894531,
            296.75,
            297.1499938964844,
            297.25,
            297.4499816894531,
            297.8500061035156,
            298.25,
            298.4499816894531,
            298.6499938964844,
            298.9499816894531,
            299.1499938964844
        ],
        "atm_q": [
            0.009840669110417366,
            0.009840669110417366,
            0.009904981590807438,
            0.009840669110417366,
            0.009840669110417366,
            0.009841637685894966,
            0.009841637685894966,
            0.009841637685894966,
            0.009778652340173721,
            0.009778652340173721,
            0.00984260719269514,
            0.009970648214221,
            0.009906931780278683,
            0.009906931780278683,
            0.009906931780278683,
            0.009906931780278683,
            0.00984260719269514,
            0.009907908737659454,
            0.009907908737659454,
            0.009907908737659454,
            0.009907908737659454,
            0.009907908737659454,
            0.009906931780278683,
            0.00984260719269514,
            0.00990595668554306,
            0.009970648214221,
            0.010035710409283638,
            0.01010015606880188,
            0.010165966115891933,
            0.010165966115891933,
            0.010231147520244122,
            0.010297712869942188,
            0.010431993752717972,
            0.010430966503918171,
            0.010498682968318462,
            0.010430966503918171,
            0.010498682968318462,
            0.01056678406894207,
            0.01056678406894207,
            0.010498682968318462,
            0.010635278187692165,
            0.010773446410894394,
            0.010772386565804482,
            0.010772386565804482,
            0.010842058807611465,
            0.011053473688662052,
            0.0111964400857687,
            0.01112584862858057,
            0.011269645765423775,
            0.011342155747115612,
            0.011270755901932716,
            0.011489554308354855,
            0.01134327333420515,
            0.011489554308354855,
            0.011417332105338573
        ],
        "atm_p": [
            1022.0999755859375,
            1022.0999755859375,
            1022.0999755859375,
            1022.0999755859375,
            1022.0999755859375,
            1022.0,
            1022.0,
            1022.0,
            1021.9000244140625,
            1021.9000244140625,
            1021.9000244140625,
            1022.0,
            1021.9000244140625,
            1021.9000244140625,
            1021.9000244140625,
            1021.9000244140625,
            1021.9000244140625,
            1021.7999877929688,
            1021.7999877929688,
            1021.7999877929688,
            1021.7999877929688,
            1021.7999877929688,
            1021.9000244140625,
            1021.9000244140625,
            1022.0,
            1022.0,
            1022.0,
            1022.0999755859375,
            1022.0999755859375,
            1022.0999755859375,
            1022.2000122070312,
            1022.2000122070312,
            1022.2000122070312,
            1022.2999877929688,
            1022.2999877929688,
            1022.2999877929688,
            1022.2999877929688,
            1022.2999877929688,
            1022.2999877929688,
            1022.2999877929688,
            1022.2999877929688,
            1022.2999877929688,
            1022.4000244140625,
            1022.4000244140625,
            1022.4000244140625,
            1022.4000244140625,
            1022.4000244140625,
            1022.2999877929688,
            1022.2999877929688,
            1022.2999877929688,
            1022.2000122070312,
            1022.2000122070312,
            1022.2000122070312,
            1022.2000122070312,
            1022.0999755859375
        ],